{
    "parent": "block/slab_top",
    "display": {
        "thirdperson_righthand": {
            "rotation": [ 90, 180, 0 ],
            "translation": [ -6, -2, 10 ]
        },
        "firstperson_righthand": {
            "rotation": [ 5, -45, 6 ],
            "translation": [ 1.13, -0.8, -1.13],
            "scale": [ 0.42, 0.42, 0.42 ]
        },
        "gui": {
            "rotation": [ 30, -135, 0 ],
            "translation": [ 0, -4, 0],
			"scale":[0.65,0.65,0.65]
        }
    },
    "textures": {
        "bottom": "blocks/dark_prismarine",
        "top": "blocks/dark_prismarine",
        "side": "blocks/dark_prismarine"
    }
}
