{
	"parent": "item/handheld",
	"textures": {
		"layer0": "items/wooden_sword"
	},
	"overrides": [          
		{ "predicate": { "damage": 0.400000000  }, "model": "item/slabs/acacia_slab"},
		{ "predicate": { "damage": 0.416666666  }, "model": "item/slabs/birch_slab"},
		{ "predicate": { "damage": 0.433333333  }, "model": "item/slabs/brick_slab"},
		{ "predicate": { "damage": 0.450000000  }, "model": "item/slabs/cobbleprismarine_slab"},
		{ "predicate": { "damage": 0.466666666  }, "model": "item/slabs/dark_oak_slab"},
		{ "predicate": { "damage": 0.483333333  }, "model": "item/slabs/dark_prismarine_slab"},
		{ "predicate": { "damage": 0.500000000  }, "model": "item/slabs/jungle_slab"},
		{ "predicate": { "damage": 0.516666666  }, "model": "item/slabs/nether_brick_slab"},
		{ "predicate": { "damage": 0.533333333  }, "model": "item/slabs/oak_slab"},
		{ "predicate": { "damage": 0.550000000  }, "model": "item/slabs/petrified_oak_slab"},
		{ "predicate": { "damage": 0.566666666  }, "model": "item/slabs/prismarine_brick_slab"},
		{ "predicate": { "damage": 0.583333333  }, "model": "item/slabs/prismarine_slab"},
		{ "predicate": { "damage": 0.600000000  }, "model": "item/slabs/purpur_slab"},
		{ "predicate": { "damage": 0.616666666  }, "model": "item/slabs/quartz_slab"},
		{ "predicate": { "damage": 0.633333333  }, "model": "item/slabs/red_sandstone_slab"},
		{ "predicate": { "damage": 0.650000000  }, "model": "item/slabs/sandstone_slab"},
		{ "predicate": { "damage": 0.666666666  }, "model": "item/slabs/spruce_slab"},
		{ "predicate": { "damage": 0.683333333  }, "model": "item/slabs/stone_brick_slab"},
		{ "predicate": { "damage": 0.700000000  }, "model": "item/slabs/stone_slab"},
		{ "predicate": { "damage": 0.716666666  }, "model": "item/wooden_sword"},
		{ "predicate": { "damage": 0.733333333  }, "model": "item/wooden_sword"},
		{ "predicate": { "damage": 0.750000000  }, "model": "item/wooden_sword"},
		{ "predicate": { "damage": 0.766666666  }, "model": "item/wooden_sword"},
		{ "predicate": { "damage": 0.783333333  }, "model": "item/wooden_sword"}
	]
}